epoch,total_train_loss,total_train_acc
0,0.5876993422806456,0.8147810925954528
1,0.5526194906207771,0.8410405100065016
2,0.5482897394575761,0.8432276959911099
3,0.54625282466951,0.8457810548210252
4,0.5448875146464679,0.8462124908615456
5,0.5438585590087143,0.8471772611461371
6,0.5430869454326519,0.8480789358067802
7,0.5424230460224416,0.8488364781081345
8,0.541891192380428,0.848778221809611
9,0.5416538696386927,0.84936471325499
